radius_x_um,radius_y_um,rotation_deg,pillar_height_um,period_um,incident_angle_deg,gds_path,ex_real,ex_imag,ey_real,ey_imag,ez_real,ez_imag,tm_real,tm_imag,te_real,te_imag,zero_order_power_estimate,total_transmitted_power_ratio,bare_reference_transmission_ratio,bare_reference_total_transmission,reflectance,power_balance_error,incident_transmission_plane_flux,reference_transmission_plane_flux,pillar_transmission_plane_flux,zero_order_tm_magnitude,zero_order_tm_phase_deg,transmission_schema_version,completed_at
0.035,0.035,0.0,0.7,0.3,0.0,/home/eli/Grad/AI-for-photonics/Metasurface/Unit_cell_Libraries/Ellipse Pillar SiN on SiO2 532 nm KAIST/GDS Library/elliptical_pillar_rx_0.035_ry_0.035_theta_0.0.gds,0.5118462053075795,-0.8096551622746488,-1.3037903582176782e-18,3.228147110602611e-19,-1.2277203457494897e-15,-2.6681108920941877e-14,0.5118462053075795,-0.8096551622746488,-1.3037903582176782e-18,3.228147110602611e-19,0.9175280196857567,0.9175279534182336,1.0107904347443633,0.9077331184384262,0.08246868993124105,-3.356650525421223e-06,0.5810991321191141,0.5274829273203465,0.5331746974263625,0.9578768290786435,302.3001748804044,2,2026-09-25T10:50:07-04:00
0.06,0.035,90.0,0.7,0.3,0.0,/home/eli/Grad/AI-for-photonics/Metasurface/Unit_cell_Libraries/Ellipse Pillar SiN on SiO2 532 nm KAIST/GDS Library/elliptical_pillar_rx_0.06_ry_0.035_theta_90.0.gds,0.6233217132375651,-0.7282517032699922,-3.1317405117869643e-18,-8.669247133973636e-19,5.213051190140905e-19,5.065023405990732e-19,0.6233217132375651,-0.7282517032699922,-3.1317405117869643e-18,-8.669247133973636e-19,0.9188805015090581,0.9188804427991885,1.0122803984280457,0.9077331184384322,0.08111727776292701,-2.2794378845558683e-06,0.5810991321191167,0.5274829273203523,0.5339606278318381,0.9585825480933075,310.5607218434486,2,2026-09-25T10:52:51-04:00
0.06,0.035,150.0,0.7,0.3,0.0,/home/eli/Grad/AI-for-photonics/Metasurface/Unit_cell_Libraries/Ellipse Pillar SiN on SiO2 532 nm KAIST/GDS Library/elliptical_pillar_rx_0.06_ry_0.035_theta_150.0.gds,0.7183408381290238,-0.629390237482074,-0.05889081734537875,-0.06026516442301164,8.041649330363227e-15,-4.832835566246e-15,0.7183408381290238,-0.629390237482074,-0.05889081734537875,-0.06026516442301164,0.9192456491721894,0.9192455962067075,1.0126826679939587,0.9077331184384322,0.08075214857953883,-2.255213753632468e-06,0.5810991321191167,0.5274829273203523,0.5341728181600377,0.9550631553785592,318.7760597852951,2,2026-09-25T10:54:04-04:00
0.06,0.035,30.0,0.7,0.3,0.0,/home/eli/Grad/AI-for-photonics/Metasurface/Unit_cell_Libraries/Ellipse Pillar SiN on SiO2 532 nm KAIST/GDS Library/elliptical_pillar_rx_0.06_ry_0.035_theta_30.0.gds,0.7197671979505573,-0.6273718752856381,0.06066928730541081,0.062201682667180784,2.073227746411539e-12,-1.5084034918031132e-11,0.7197671979505573,-0.6273718752856381,0.06066928730541081,0.062201682667180784,0.9192101008937901,0.9192100480387837,1.012643506518849,0.9077331184384322,0.08078769703730893,-2.254923907374362e-06,0.5810991321191167,0.5274829273203523,0.5341521611505088,0.9548090328149472,318.9235625826088,2,2026-09-25T10:55:18-04:00
0.08499999999999999,0.035,90.0,0.7,0.3,0.0,/home/eli/Grad/AI-for-photonics/Metasurface/Unit_cell_Libraries/Ellipse Pillar SiN on SiO2 532 nm KAIST/GDS Library/elliptical_pillar_rx_0.08499999999999999_ry_0.035_theta_90.0.gds,0.7044320872443092,-0.6493220349290137,3.925030796338852e-18,1.7164799617832637e-18,-3.624865937253169e-19,1.4183368002697554e-18,0.7044320872443092,-0.6493220349290137,3.925030796338852e-18,1.7164799617832637e-18,0.9178436705837293,0.9178436182562453,1.011138185456102,0.9077331184384322,0.08215409706065438,-2.2846831003731083e-06,0.5810991321191167,0.5274829273203523,0.5333581299897739,0.9580415808219022,317.3311699036385,2,2026-09-25T10:56:26-04:00
0.08499999999999999,0.035,150.0,0.7,0.3,0.0,/home/eli/Grad/AI-for-photonics/Metasurface/Unit_cell_Libraries/Ellipse Pillar SiN on SiO2 532 nm KAIST/GDS Library/elliptical_pillar_rx_0.08499999999999999_ry_0.035_theta_150.0.gds,0.8717132063940709,-0.33494895281500375,-0.09321729453960068,-0.17843707412811258,-6.209310988566611e-16,-1.1443945808122753e-15,0.8717132063940709,-0.33494895281500375,-0.09321729453960068,-0.17843707412811258,0.9126039686183839,0.9126039246703365,1.0053659012026392,0.9077331184384322,0.08739370724478207,-2.368084881521071e-06,0.5810991321191167,0.5274829273203523,0.5303133485944322,0.9338494071282049,338.98112052019695,2,2026-09-25T10:57:35-04:00
0.08499999999999999,0.035,30.0,0.7,0.3,0.0,/home/eli/Grad/AI-for-photonics/Metasurface/Unit_cell_Libraries/Ellipse Pillar SiN on SiO2 532 nm KAIST/GDS Library/elliptical_pillar_rx_0.08499999999999999_ry_0.035_theta_30.0.gds,0.8717132063940711,-0.334948952815004,0.09321729453960065,0.17843707412811258,-6.214214787332793e-16,-1.1431623932600408e-15,0.8717132063940711,-0.334948952815004,0.09321729453960065,0.17843707412811258,0.9126039686183843,0.912603924670336,1.0053659012026388,0.9077331184384322,0.08739370724478214,-2.368084881854138e-06,0.5810991321191167,0.5274829273203523,0.530313348594432,0.9338494071282051,338.98112052019695,2,2026-09-25T10:58:45-04:00
0.11,0.035,90.0,0.7,0.3,0.0,/home/eli/Grad/AI-for-photonics/Metasurface/Unit_cell_Libraries/Ellipse Pillar SiN on SiO2 532 nm KAIST/GDS Library/elliptical_pillar_rx_0.11_ry_0.035_theta_90.0.gds,0.7803120949384983,-0.5533549818478736,3.73948310015222e-18,7.456083398040705e-19,2.5594727684715685e-12,1.3514596323567016e-11,0.7803120949384983,-0.5533549818478736,3.73948310015222e-18,7.456083398040705e-19,0.9150887014431685,0.9150886592831308,1.00810319761975,0.9077331184384322,0.08490903107969608,-2.3096371731812226e-06,0.5810991321191167,0.5274829273203523,0.5317572257214733,0.9566026873489163,324.6578034510628,2,2026-09-25T10:59:52-04:00
0.11,0.035,150.0,0.7,0.3,0.0,/home/eli/Grad/AI-for-photonics/Metasurface/Unit_cell_Libraries/Ellipse Pillar SiN on SiO2 532 nm KAIST/GDS Library/elliptical_pillar_rx_0.11_ry_0.035_theta_150.0.gds,0.8932191076322823,0.018191981043938658,-0.0625644268025141,-0.32341234243574046,2.1340609248468554e-20,7.367175974662225e-19,0.8932191076322823,0.018191981043938658,-0.0625644268025141,-0.32341234243574046,0.9066811731546135,0.9066811446672565,0.9988410979507001,0.9077331184384322,0.0933163765177605,-2.478814983053468e-06,0.5810991321191167,0.5274829273203523,0.52687162627491,0.8934043442997766,1.1667681998609156,2,2026-09-25T11:01:11-04:00
0.11,0.035,30.0,0.7,0.3,0.0,/home/eli/Grad/AI-for-photonics/Metasurface/Unit_cell_Libraries/Ellipse Pillar SiN on SiO2 532 nm KAIST/GDS Library/elliptical_pillar_rx_0.11_ry_0.035_theta_30.0.gds,0.8932191076322823,0.01819198104393846,0.06256442680251413,0.32341234243574046,1.6436438276329868e-18,-1.6929719144145392e-19,0.8932191076322823,0.01819198104393846,0.06256442680251413,0.32341234243574046,0.9066811731546135,0.9066811446672562,0.9988410979506999,0.9077331184384322,0.09331637651776055,-2.47881498316449e-06,0.5810991321191167,0.5274829273203523,0.5268716262749099,0.8934043442997766,1.1667681998609027,2,2026-09-25T11:02:29-04:00
0.06,0.035,0.0,0.7,0.3,0.0,/home/eli/Grad/AI-for-photonics/Metasurface/Unit_cell_Libraries/Ellipse Pillar SiN on SiO2 532 nm KAIST/GDS Library/elliptical_pillar_rx_0.06_ry_0.035_theta_0.0.gds,0.7468662611050143,-0.6016783899278022,-6.919604003085389e-21,1.0186334989339562e-20,-3.0776226577621694e-21,-1.4057937632660012e-20,0.7468662611050143,-0.6016783899278022,-6.919604003085389e-21,1.0186334989339562e-20,0.9198260968830958,0.919826044508711,1.0133221161866255,0.9077331184384262,0.08017171439197406,-2.241099315014594e-06,0.5810991321191141,0.5274829273203465,0.5345101161645696,0.9590756471118927,321.144945052156,2,2026-09-25T11:02:48-04:00
0.06,0.035,60.0,0.7,0.3,0.0,/home/eli/Grad/AI-for-photonics/Metasurface/Unit_cell_Libraries/Ellipse Pillar SiN on SiO2 532 nm KAIST/GDS Library/elliptical_pillar_rx_0.06_ry_0.035_theta_60.0.gds,0.6480859774278264,-0.701359539638394,0.058891875635605564,0.06013495871618244,-7.222957715071893e-19,-3.591667647027901e-19,0.6480859774278264,-0.701359539638394,0.058891875635605564,0.06013495871618244,0.9190051042560378,0.9190050476060407,1.012417668738362,0.9077331184384322,0.08099267987860767,-2.2725153515645857e-06,0.5810991321191167,0.5274829273203523,0.5340330355769578,0.9549453586359594,312.73924474966674,2,2026-09-25T11:04:00-04:00
0.06,0.035,120.0,0.7,0.3,0.0,/home/eli/Grad/AI-for-photonics/Metasurface/Unit_cell_Libraries/Ellipse Pillar SiN on SiO2 532 nm KAIST/GDS Library/elliptical_pillar_rx_0.06_ry_0.035_theta_120.0.gds,0.6473361883144596,-0.7017055138204001,-0.06074737802658123,-0.06214354744885275,-6.13656998024903e-12,-2.936294826576607e-12,0.6473361883144596,-0.7017055138204001,-0.06074737802658123,-0.06214354744885275,0.9189868332540774,0.9189867766132319,1.0123975405834695,0.9077331184384322,0.08101095073665002,-2.2726501180958536e-06,0.5810991321191167,0.5274829273203523,0.5340224183188936,0.9546909284304765,312.69210401583746,2,2026-09-25T11:05:09-04:00
0.06,0.06,0.0,0.7,0.3,0.0,/home/eli/Grad/AI-for-photonics/Metasurface/Unit_cell_Libraries/Ellipse Pillar SiN on SiO2 532 nm KAIST/GDS Library/elliptical_pillar_rx_0.06_ry_0.06_theta_0.0.gds,0.8990778092088768,-0.3194207722134165,7.555866663008028e-19,-5.951383306860179e-19,3.0727327418215015e-18,4.826147122428574e-18,0.8990778092088768,-0.3194207722134165,7.555866663008028e-19,-5.951383306860179e-19,0.9103705367332489,0.9103704959959392,1.0029054548125886,0.9077331184384262,0.08962712302666814,-2.3809773925798083e-06,0.5810991321191141,0.5274829273203465,0.5290155051300878,0.9541333956702537,340.44109487353734,2,2026-09-25T11:05:29-04:00
0.08499999999999999,0.06,90.0,0.7,0.3,0.0,/home/eli/Grad/AI-for-photonics/Metasurface/Unit_cell_Libraries/Ellipse Pillar SiN on SiO2 532 nm KAIST/GDS Library/elliptical_pillar_rx_0.08499999999999999_ry_0.06_theta_90.0.gds,0.9484777813623866,-0.03530526078906133,-1.0010848917507094e-19,-6.919929270983882e-19,1.9369939788822928e-19,8.374283642826803e-19,0.9484777813623866,-0.03530526078906133,-1.0010848917507094e-19,-6.919929270983882e-19,0.900856563177499,0.9008565441186652,0.9924244536416202,0.9077331184384322,0.09914090593816892,-2.5499431658415617e-06,0.5810991321191167,0.5274829273203523,0.5234869559511831,0.9491346391200244,357.86825901598445,2,2026-09-25T11:06:40-04:00
0.08499999999999999,0.06,150.0,0.7,0.3,0.0,/home/eli/Grad/AI-for-photonics/Metasurface/Unit_cell_Libraries/Ellipse Pillar SiN on SiO2 532 nm KAIST/GDS Library/elliptical_pillar_rx_0.08499999999999999_ry_0.06_theta_150.0.gds,0.9012780847882907,0.2551429167088216,0.02714294194508235,-0.16172724122217585,2.4669747844061237e-19,1.7647413447734191e-19,0.9012780847882907,0.2551429167088216,0.02714294194508235,-0.16172724122217585,0.9042925339171041,0.9042925243017703,0.9962096853504908,0.9077331184384322,0.09570498825304649,-2.4874451831635724e-06,0.5810991321191167,0.5274829273203523,0.525483601053564,0.936696372399474,15.80629331159811,2,2026-09-25T11:07:56-04:00
0.08499999999999999,0.06,30.0,0.7,0.3,0.0,/home/eli/Grad/AI-for-photonics/Metasurface/Unit_cell_Libraries/Ellipse Pillar SiN on SiO2 532 nm KAIST/GDS Library/elliptical_pillar_rx_0.08499999999999999_ry_0.06_theta_30.0.gds,0.9012780847882907,0.2551429167088216,-0.027142941945082343,0.16172724122217588,-1.3625300558021547e-19,7.285797943418443e-20,0.9012780847882907,0.2551429167088216,-0.027142941945082343,0.16172724122217588,0.9042925339171041,0.9042925243017705,0.996209685350491,0.9077331184384322,0.09570498825304648,-2.487445182941528e-06,0.5810991321191167,0.5274829273203523,0.5254836010535641,0.936696372399474,15.80629331159811,2,2026-09-25T11:09:08-04:00
0.11,0.06,90.0,0.7,0.3,0.0,/home/eli/Grad/AI-for-photonics/Metasurface/Unit_cell_Libraries/Ellipse Pillar SiN on SiO2 532 nm KAIST/GDS Library/elliptical_pillar_rx_0.11_ry_0.06_theta_90.0.gds,0.9185806578298876,0.236102461297748,-2.7686334313002934e-18,-9.92873429887933e-19,1.1417307793716605e-18,7.735419771294195e-19,0.9185806578298876,0.236102461297748,-2.7686334313002934e-18,-9.92873429887933e-19,0.8995347971700437,0.8995347976034532,0.9909683576940738,0.9077331184384322,0.10046266051816044,-2.541878386330687e-06,0.5810991321191167,0.5274829273203523,0.522718890198312,0.9484380829395473,14.414688743671766,2,2026-09-25T11:10:20-04:00
0.11,0.06,150.0,0.7,0.3,0.0,/home/eli/Grad/AI-for-photonics/Metasurface/Unit_cell_Libraries/Ellipse Pillar SiN on SiO2 532 nm KAIST/GDS Library/elliptical_pillar_rx_0.11_ry_0.06_theta_150.0.gds,0.48463298004971933,0.7584281578067882,0.2393776270758906,-0.28538798540811783,3.496097916856597e-19,-1.9599414938682355e-19,0.48463298004971933,0.7584281578067882,0.2393776270758906,-0.28538798540811783,0.9488303464658583,0.9488303562516576,1.0452745823397132,0.9077331184384322,0.051168140909249336,-1.5028390930593716e-06,0.5810991321191167,0.5274829273203523,0.5513644965461105,0.9000457743393222,57.421562376803735,2,2026-09-25T11:11:35-04:00
0.11,0.06,30.0,0.7,0.3,0.0,/home/eli/Grad/AI-for-photonics/Metasurface/Unit_cell_Libraries/Ellipse Pillar SiN on SiO2 532 nm KAIST/GDS Library/elliptical_pillar_rx_0.11_ry_0.06_theta_30.0.gds,0.48463298004971933,0.7584281578067882,-0.2393776270758906,0.28538798540811783,-5.06129405282153e-19,6.3575291587875e-20,0.48463298004971933,0.7584281578067882,-0.2393776270758906,0.28538798540811783,0.9488303464658583,0.9488303562516575,1.045274582339713,0.9077331184384322,0.0511681409092493,-1.5028390932814162e-06,0.5810991321191167,0.5274829273203523,0.5513644965461104,0.9000457743393222,57.421562376803735,2,2026-09-25T11:12:53-04:00
0.08499999999999999,0.035,0.0,0.7,0.3,0.0,/home/eli/Grad/AI-for-photonics/Metasurface/Unit_cell_Libraries/Ellipse Pillar SiN on SiO2 532 nm KAIST/GDS Library/elliptical_pillar_rx_0.08499999999999999_ry_0.035_theta_0.0.gds,0.9241957589068542,-0.23857767481329395,1.851198868263909e-21,-2.388990824805177e-21,9.93901663177157e-21,-7.27844113990486e-21,0.9241957589068542,-0.23857767481329395,1.851198868263909e-21,-2.388990824805177e-21,0.9110571077007341,0.9110570680563554,1.0036618137538569,0.9077331184384262,0.08894054196835742,-2.3899752871203717e-06,0.5810991321191141,0.5274829273203465,0.5294144715585328,0.9544931155858245,345.52531507021325,2,2026-09-25T11:13:13-04:00
0.08499999999999999,0.035,60.0,0.7,0.3,0.0,/home/eli/Grad/AI-for-photonics/Metasurface/Unit_cell_Libraries/Ellipse Pillar SiN on SiO2 532 nm KAIST/GDS Library/elliptical_pillar_rx_0.08499999999999999_ry_0.035_theta_60.0.gds,0.7647295774974847,-0.5389256463502664,0.09325765503441805,0.17840232111694454,-4.095395186152605e-16,2.4486799205237518e-15,0.7647295774974847,-0.5389256463502664,0.09325765503441805,0.17840232111694454,0.9157765573959658,0.9157765085906093,1.008860963634349,0.9077331184384322,0.08422117122835407,-2.320181036630231e-06,0.5810991321191167,0.5274829273203523,0.5321569343570779,0.9355491323247186,324.8266100035353,2,2026-09-25T11:14:22-04:00
0.08499999999999999,0.035,120.0,0.7,0.3,0.0,/home/eli/Grad/AI-for-photonics/Metasurface/Unit_cell_Libraries/Ellipse Pillar SiN on SiO2 532 nm KAIST/GDS Library/elliptical_pillar_rx_0.08499999999999999_ry_0.035_theta_120.0.gds,0.7644605626114102,-0.5393437951766775,-0.09322051861276064,-0.17833347519801523,-4.8660778835721495e-16,2.076437263671179e-15,0.7644605626114102,-0.5393437951766775,-0.09322051861276064,-0.17833347519801523,0.9157845746503689,0.9157845257945181,1.008869795750029,0.9077331184384322,0.08421315415486702,-2.32005061495677e-06,0.5810991321191167,0.5274829273203523,0.5321615931473113,0.9355702438533067,324.7961872260834,2,2026-09-25T11:15:33-04:00
0.08499999999999999,0.06,0.0,0.7,0.3,0.0,/home/eli/Grad/AI-for-photonics/Metasurface/Unit_cell_Libraries/Ellipse Pillar SiN on SiO2 532 nm KAIST/GDS Library/elliptical_pillar_rx_0.08499999999999999_ry_0.06_theta_0.0.gds,0.8803008509711455,0.36196816532152665,-3.758741809256165e-21,3.469255068322409e-21,-3.363237774886317e-21,2.1559134087766944e-20,0.8803008509711455,0.36196816532152665,-3.758741809256165e-21,3.469255068322409e-21,0.9059505409267551,0.9059505354175604,0.9980362256431358,0.9077331184384262,0.09404700757138859,-2.4570110509491982e-06,0.5810991321191141,0.5274829273203465,0.5264470698739911,0.9518143416269557,22.351822118775885,2,2026-09-25T11:15:54-04:00
0.08499999999999999,0.06,60.0,0.7,0.3,0.0,/home/eli/Grad/AI-for-photonics/Metasurface/Unit_cell_Libraries/Ellipse Pillar SiN on SiO2 532 nm KAIST/GDS Library/elliptical_pillar_rx_0.08499999999999999_ry_0.06_theta_60.0.gds,0.9332502672970351,0.06277161063161532,-0.027019773157064192,0.162069014268213,1.0003229293000604e-18,-5.988346507822849e-19,0.9332502672970351,0.06277161063161532,-0.027019773157064192,0.162069014268213,0.901892770038604,0.9018927531618174,0.9935659885510602,0.9077331184384322,0.09810471661145646,-2.5302267261384515e-06,0.5810991321191167,0.5274829273203523,0.5240890961268528,0.9353589345867578,3.8479917682029985,2,2026-09-25T11:17:08-04:00
0.08499999999999999,0.06,120.0,0.7,0.3,0.0,/home/eli/Grad/AI-for-photonics/Metasurface/Unit_cell_Libraries/Ellipse Pillar SiN on SiO2 532 nm KAIST/GDS Library/elliptical_pillar_rx_0.08499999999999999_ry_0.06_theta_120.0.gds,0.9333318125054235,0.06239308089724499,0.026950281362239915,-0.16174245207488455,-4.3758794851797195e-20,5.678653714414634e-19,0.9333318125054235,0.06239308089724499,0.026950281362239915,-0.16174245207488455,0.9018881072472095,0.9018880903505356,0.9935608517865342,0.9077331184384322,0.09810937930352685,-2.530345937556966e-06,0.5810991321191167,0.5274829273203523,0.5240863865712637,0.9354149714316685,3.824523240011918,2,2026-09-25T11:18:23-04:00
0.08499999999999999,0.08499999999999999,0.0,0.7,0.3,0.0,/home/eli/Grad/AI-for-photonics/Metasurface/Unit_cell_Libraries/Ellipse Pillar SiN on SiO2 532 nm KAIST/GDS Library/elliptical_pillar_rx_0.08499999999999999_ry_0.08499999999999999_theta_0.0.gds,0.5541474550424049,0.7973753874977395,2.1635037818189968e-21,-1.6137162951806492e-21,-3.173628667727977e-21,7.898941888183626e-21,0.5541474550424049,0.7973753874977395,2.1635037818189968e-21,-1.6137162951806492e-21,0.9428869105171445,0.9428869259096451,1.0387270297372138,0.9077331184384262,0.0571114656801663,-1.6084101885915913e-06,0.5810991321191141,0.5274829273203465,0.5479107743325542,0.9710236405552362,55.20207745137448,2,2026-09-25T11:18:44-04:00
0.11,0.08499999999999999,90.0,0.7,0.3,0.0,/home/eli/Grad/AI-for-photonics/Metasurface/Unit_cell_Libraries/Ellipse Pillar SiN on SiO2 532 nm KAIST/GDS Library/elliptical_pillar_rx_0.11_ry_0.08499999999999999_theta_90.0.gds,0.07464844539121154,0.9903112825460162,-2.3329407106238487e-18,-7.952930817870526e-18,-1.6145625405388145e-20,-1.3467862404068857e-18,0.07464844539121154,0.9903112825460162,-2.3329407106238487e-18,-7.952930817870526e-18,0.9862888267372601,0.986288850807184,1.0865405599653462,0.9077331184384322,0.013710433283393771,-7.159094222997098e-07,0.5810991321191167,0.5274829273203523,0.5731315952228155,0.9931207513375502,85.68926680766803,2,2026-09-25T11:19:58-04:00
0.11,0.08499999999999999,150.0,0.7,0.3,0.0,/home/eli/Grad/AI-for-photonics/Metasurface/Unit_cell_Libraries/Ellipse Pillar SiN on SiO2 532 nm KAIST/GDS Library/elliptical_pillar_rx_0.11_ry_0.08499999999999999_theta_150.0.gds,-0.37410112824569136,0.8893376820593416,0.2413636441345643,0.05614562109668315,1.784527994815084e-18,-3.357086979094393e-20,-0.37410112824569136,0.8893376820593416,0.2413636441345643,0.05614562109668315,0.9922819063636307,0.9922819029797549,1.0931427782284417,0.9077331184384322,0.007717448197238351,-6.488230067658307e-07,0.5810991321191167,0.5274829273203523,0.5766141526390411,0.9648176858274219,112.8141236544982,2,2026-09-25T11:21:15-04:00
0.11,0.08499999999999999,30.0,0.7,0.3,0.0,/home/eli/Grad/AI-for-photonics/Metasurface/Unit_cell_Libraries/Ellipse Pillar SiN on SiO2 532 nm KAIST/GDS Library/elliptical_pillar_rx_0.11_ry_0.08499999999999999_theta_30.0.gds,-0.37410112824569136,0.8893376820593416,-0.2413636441345643,-0.05614562109668315,-3.692514769561635e-19,-6.182942286675366e-19,-0.37410112824569136,0.8893376820593416,-0.2413636441345643,-0.05614562109668315,0.9922819063636307,0.9922819029797542,1.0931427782284409,0.9077331184384322,0.007717448197238357,-6.488230074319645e-07,0.5810991321191167,0.5274829273203523,0.5766141526390407,0.9648176858274219,112.8141236544982,2,2026-09-25T11:22:29-04:00
0.11,0.035,0.0,0.7,0.3,0.0,/home/eli/Grad/AI-for-photonics/Metasurface/Unit_cell_Libraries/Ellipse Pillar SiN on SiO2 532 nm KAIST/GDS Library/elliptical_pillar_rx_0.11_ry_0.035_theta_0.0.gds,0.9225122424645846,0.23186799681191206,2.669185518508134e-05,0.0001838416116252326,0.0012223114235932523,-0.00017746667406341233,0.9225122424645846,0.23186799681191206,2.669185518508134e-05,0.0001838416116252326,0.9047916399527987,0.9047933476097981,0.9967614150360828,0.9077331184384224,0.09520084780860934,-5.804581592494529e-06,0.5810991321191156,0.5274829273203456,0.5257746290432029,0.9512053434682783,14.1087009662512,2,2026-09-25T11:54:11-04:00
0.11,0.035,60.0,0.7,0.3,0.0,/home/eli/Grad/AI-for-photonics/Metasurface/Unit_cell_Libraries/Ellipse Pillar SiN on SiO2 532 nm KAIST/GDS Library/elliptical_pillar_rx_0.11_ry_0.035_theta_60.0.gds,0.8185852619959085,-0.36571267960597614,0.06270230986076149,0.32320067338587116,-1.270956785633736e-18,9.8917962103287e-20,0.8185852619959085,-0.36571267960597614,0.06270230986076149,0.32320067338587116,0.9122178501204491,0.9122178125519782,1.0049405425696718,0.9077331184384322,0.08777982098279023,-2.3664652315513734e-06,0.5810991321191167,0.5274829273203523,0.5300889791775536,0.8965643285238899,335.9267295455798,2,2026-09-25T11:57:08-04:00
0.11,0.035,120.0,0.7,0.3,0.0,/home/eli/Grad/AI-for-photonics/Metasurface/Unit_cell_Libraries/Ellipse Pillar SiN on SiO2 532 nm KAIST/GDS Library/elliptical_pillar_rx_0.11_ry_0.035_theta_120.0.gds,0.8185165573485622,-0.3657975845357744,-0.06275723693810042,-0.32327081628783094,1.2535340508652152e-19,2.251644614516136e-19,0.8185165573485622,-0.3657975845357744,-0.06275723693810042,-0.32327081628783094,0.9122197189574547,0.9122196813674488,1.004942601341609,0.9077331184384322,0.08777795206360993,-2.366568941258862e-06,0.5810991321191167,0.5274829273203523,0.5300900651446017,0.8965362388135514,335.91998436812565,2,2026-09-25T11:58:26-04:00
0.11,0.06,0.0,0.7,0.3,0.0,/home/eli/Grad/AI-for-photonics/Metasurface/Unit_cell_Libraries/Ellipse Pillar SiN on SiO2 532 nm KAIST/GDS Library/elliptical_pillar_rx_0.11_ry_0.06_theta_0.0.gds,0.30487937520898584,0.9356568888667146,7.798347181973901e-19,1.0612481274052028e-19,2.6673225630452286e-19,-3.765963687597935e-18,0.30487937520898584,0.9356568888667146,7.798347181973901e-19,1.0612481274052028e-19,0.9684052471115612,0.968405258980779,1.0668391835771411,0.9077331184384224,0.03159366700461462,-1.074014606361473e-06,0.5810991321191156,0.5274829273203456,0.5627394555333181,0.9840758340247774,71.95204543915563,2,2026-09-25T11:59:06-04:00
0.11,0.06,60.0,0.7,0.3,0.0,/home/eli/Grad/AI-for-photonics/Metasurface/Unit_cell_Libraries/Ellipse Pillar SiN on SiO2 532 nm KAIST/GDS Library/elliptical_pillar_rx_0.11_ry_0.06_theta_60.0.gds,0.784161821266437,0.4013124354711426,-0.23929806263366357,0.2856731485945762,-1.2441350236268221e-18,-9.270092428718984e-19,0.784161821266437,0.4013124354711426,-0.23929806263366357,0.2856731485945762,0.914834143403839,0.9148341456375545,1.0078228138368888,0.9077331184384322,0.08516362784570367,-2.2265167418655807e-06,0.5810991321191167,0.5274829273203523,0.5316093280629165,0.8808867309681054,27.1021168069445,2,2026-09-25T12:00:21-04:00
0.11,0.06,120.0,0.7,0.3,0.0,/home/eli/Grad/AI-for-photonics/Metasurface/Unit_cell_Libraries/Ellipse Pillar SiN on SiO2 532 nm KAIST/GDS Library/elliptical_pillar_rx_0.11_ry_0.06_theta_120.0.gds,0.784161821266437,0.4013124354711426,0.23929806263366357,-0.2856731485945762,-2.830099835452525e-19,4.591992356792036e-19,0.784161821266437,0.4013124354711426,0.23929806263366357,-0.2856731485945762,0.914834143403839,0.914834145637555,1.0078228138368894,0.9077331184384322,0.0851636278457036,-2.226516741310469e-06,0.5810991321191167,0.5274829273203523,0.5316093280629168,0.8808867309681054,27.1021168069445,2,2026-09-25T12:01:32-04:00
0.11,0.08499999999999999,0.0,0.7,0.3,0.0,/home/eli/Grad/AI-for-photonics/Metasurface/Unit_cell_Libraries/Ellipse Pillar SiN on SiO2 532 nm KAIST/GDS Library/elliptical_pillar_rx_0.11_ry_0.08499999999999999_theta_0.0.gds,-0.5313667917060032,0.8429903036052266,1.080910573995681e-19,-2.577060902861241e-19,1.8205413156244762e-18,6.084328385114547e-19,-0.5313667917060032,0.8429903036052266,1.080910573995681e-19,-2.577060902861241e-19,0.9929833193003632,0.9929833064118951,1.0939154760819225,0.9077331184384224,0.00701603047993657,-6.631081682639817e-07,0.5810991321191156,0.5274829273203456,0.5770217375647221,0.9964854837379034,122.2246903911281,2,2026-09-25T12:02:11-04:00
0.11,0.08499999999999999,60.0,0.7,0.3,0.0,/home/eli/Grad/AI-for-photonics/Metasurface/Unit_cell_Libraries/Ellipse Pillar SiN on SiO2 532 nm KAIST/GDS Library/elliptical_pillar_rx_0.11_ry_0.08499999999999999_theta_60.0.gds,-0.06865370790499459,0.9604060228261215,-0.2410204513013865,-0.056189843638246285,4.887456055729312e-19,4.626082269914105e-19,-0.06865370790499459,0.9604060228261215,-0.2410204513013865,-0.056189843638246285,0.9883412167634075,0.9883412311986831,1.088801555350234,0.9077331184384322,0.011658088699238338,-6.801020785429657e-07,0.5810991321191167,0.5274829273203523,0.574324231687094,0.9628567184632368,94.0887790677103,2,2026-09-25T12:03:28-04:00
0.11,0.08499999999999999,120.0,0.7,0.3,0.0,/home/eli/Grad/AI-for-photonics/Metasurface/Unit_cell_Libraries/Ellipse Pillar SiN on SiO2 532 nm KAIST/GDS Library/elliptical_pillar_rx_0.11_ry_0.08499999999999999_theta_120.0.gds,-0.06903309137901548,0.9603382145130598,0.2411896751182589,0.05622351496518313,1.0251125600527372e-18,-7.74717640891575e-19,-0.06903309137901548,0.9603382145130598,0.2411896751182589,0.05622351496518313,0.9883485969781667,0.9883486114033959,1.0888096857186902,0.9077331184384322,0.0116507085262218,-6.800703822307241e-07,0.5810991321191167,0.5274829273203523,0.5743285203176475,0.9628162098549625,94.11158587574484,2,2026-09-25T12:04:46-04:00
0.11,0.11,0.0,0.7,0.3,0.0,/home/eli/Grad/AI-for-photonics/Metasurface/Unit_cell_Libraries/Ellipse Pillar SiN on SiO2 532 nm KAIST/GDS Library/elliptical_pillar_rx_0.11_ry_0.11_theta_0.0.gds,-0.915432811864932,0.30214830773829104,9.945770863612805e-20,4.540460839986608e-19,1.6699614304331096e-18,3.8927055793250094e-19,-0.915432811864932,0.30214830773829104,9.945770863612805e-20,4.540460839986608e-19,0.9293108329080491,0.9293107904732533,1.02377094279864,0.9077331184384224,0.07068695735388394,-2.252172862760027e-06,0.5810991321191156,0.5274829273203456,0.5400216938129367,0.9640076933863386,161.73397871217426,2,2026-09-25T12:05:26-04:00
0.035,0.035,0.0,0.55,0.3,0.0,/home/eli/Grad/AI-for-photonics/Metasurface/Unit_cell_Libraries/Ellipse Pillar SiN on SiO2 532 nm KAIST/GDS Library/elliptical_pillar_rx_0.035_ry_0.035_theta_0.0.gds,0.4603870774128556,-0.833687809764377,-1.8495162721349734e-09,7.607884789401804e-09,5.058254255614579e-08,1.2297204403172593e-08,0.4603870774128556,-0.833687809764377,-1.8495162721349734e-09,7.607884789401804e-09,0.9069916251984748,0.9069916081900622,0.9991831735522886,0.9077330685679308,0.09300334892551052,-5.042884427264305e-06,0.5831370067573571,0.529332744539374,0.5289003715539945,0.9523610792123304,298.90877901615534,2,2026-09-25T12:44:43-04:00
0.035,0.035,0.0,0.55,0.35,0.0,/home/eli/Grad/AI-for-photonics/Metasurface/Unit_cell_Libraries/Ellipse Pillar SiN on SiO2 532 nm KAIST/GDS Library/elliptical_pillar_rx_0.035_ry_0.035_theta_0.0.gds,0.7357430435133853,-0.5774998355248749,-4.152910208795023e-09,5.3016779861853575e-09,3.6372334851551805e-08,2.8502609392988753e-08,0.7357430435133853,-0.5774998355248749,-4.152910208795023e-09,5.3016779861853575e-09,0.8748238861095968,0.8748238575201414,1.003644554471605,0.8716470922125567,0.12517653404655293,3.9156669418005663e-07,0.8666534180143063,0.7554159317682434,0.758169086280291,0.935320205122073,321.87090290974646,2,2026-09-25T12:46:24-04:00
0.03,0.03,0.0,0.55,0.3,0.0,/home/eli/Grad/AI-for-photonics/Metasurface/Unit_cell_Libraries/Ellipse Pillar SiN on SiO2 532 nm KAIST/GDS Library/elliptical_pillar_rx_0.03_ry_0.03_theta_0.0.gds,0.4132253138603223,-0.8580192415492046,1.1096143823000425e-19,2.1865890000397282e-20,8.348003770919981e-19,-9.188984046115251e-19,0.4132253138603223,-0.8580192415492046,1.1096143823000425e-19,2.1865890000397282e-20,0.9069521788836341,0.9069521623882109,0.9991397182643661,0.9077330685679308,0.09304331587731893,-4.521734470186445e-06,0.5831370067573571,0.529332744539374,0.5288773692471738,0.9523403692397137,295.7156421798894,2,2026-09-25T12:56:18-04:00
0.05666666666666666,0.03,90.0,0.55,0.3,0.0,/home/eli/Grad/AI-for-photonics/Metasurface/Unit_cell_Libraries/Ellipse Pillar SiN on SiO2 532 nm KAIST/GDS Library/elliptical_pillar_rx_0.05666666666666666_ry_0.03_theta_90.0.gds,0.486020761581871,-0.8190332208308357,-6.495798479736851e-20,-1.9311378092777788e-18,6.22733038159986e-12,-1.1985849977678637e-11,0.486020761581871,-0.8190332208308357,-6.495798479736851e-20,-1.9311378092777788e-18,0.9070315975131544,0.9070315770967191,0.9992272051162404,0.9077330685679278,0.0929637771754385,-4.645727842422787e-06,0.5831370067573579,0.529332744539373,0.5289236789025865,0.9523820648842325,300.68522731636523,2,2026-09-25T12:58:52-04:00
0.08333333333333331,0.03,90.0,0.55,0.3,0.0,/home/eli/Grad/AI-for-photonics/Metasurface/Unit_cell_Libraries/Ellipse Pillar SiN on SiO2 532 nm KAIST/GDS Library/elliptical_pillar_rx_0.08333333333333331_ry_0.03_theta_90.0.gds,0.5570847961316078,-0.7731399126097132,1.4827830731206772e-18,1.651570028825171e-18,-1.4340948493267618e-18,-3.028459635174577e-19,0.5570847961316078,-0.7731399126097132,1.4827830731206772e-18,1.651570028825171e-18,0.9080887945511499,0.9080887715118445,1.0003918585278355,0.9077330685679278,0.09190645091891744,-4.777569238001433e-06,0.5831370067573579,0.529332744539373,0.5295401680893833,0.9529369310458851,305.77457874249586,2,2026-09-25T12:59:52-04:00
0.10999999999999999,0.03,90.0,0.55,0.3,0.0,/home/eli/Grad/AI-for-photonics/Metasurface/Unit_cell_Libraries/Ellipse Pillar SiN on SiO2 532 nm KAIST/GDS Library/elliptical_pillar_rx_0.10999999999999999_ry_0.03_theta_90.0.gds,0.6198108776705697,-0.725026866432658,-1.2315245544100233e-19,1.7006395541687622e-18,7.051941025643896e-12,-3.2798094302225536e-14,0.6198108776705697,-0.725026866432658,-1.2315245544100233e-19,1.7006395541687622e-18,0.9098294811279213,0.9098294534231242,1.0023094728260848,0.9077330685679278,0.0901656225786013,-4.923998274564134e-06,0.5831370067573579,0.529332744539373,0.5305552241288436,0.9538498210556635,310.52646626104354,2,2026-09-25T13:00:52-04:00
0.11,0.06,0.0,0.55,0.3,0.0,/home/eli/Grad/AI-for-photonics/Metasurface/Unit_cell_Libraries/Ellipse Pillar SiN on SiO2 532 nm KAIST/GDS Library/elliptical_pillar_rx_0.11_ry_0.06_theta_0.0.gds,0.7346684312318142,0.6682204975719432,1.0498541324345516e-20,1.0966353854307737e-20,1.7141621534686267e-20,-1.017319716005686e-20,0.7346684312318142,0.6682204975719432,1.0498541324345516e-20,1.0966353854307737e-20,0.9862563372239104,0.9862563581344632,1.0868251010173142,0.9074655684813367,0.013742180304699751,-1.4615608370238675e-06,0.5833630882417553,0.5293819165023327,0.5753455548793871,0.9931043939203523,42.288208049113926,2,2026-09-25T13:28:03-04:00
0.11,0.03,0.0,0.55,0.3,0.0,/home/eli/Grad/AI-for-photonics/Metasurface/Unit_cell_Libraries/Ellipse Pillar SiN on SiO2 532 nm KAIST/GDS Library/elliptical_pillar_rx_0.11_ry_0.03_theta_0.0.gds,0.9496184205632819,-0.20988004742641103,-2.800398809321998e-20,-7.795863365327664e-22,2.4091917516039737e-20,1.636681227519858e-19,0.9496184205632819,-0.20988004742641103,-2.800398809321998e-20,-7.795863365327664e-22,0.9458247789808149,0.9457404536548636,1.0421777822794762,0.9074655684813367,0.0557712955629808,0.0015117492178444714,0.5833630882417553,0.5293819165023327,0.5517100717192599,0.972535232770934,347.5371152503244,2,2026-09-25T13:29:58-04:00
0.05666666666666666,0.03,0.0,0.55,0.3,0.0,/home/eli/Grad/AI-for-photonics/Metasurface/Unit_cell_Libraries/Ellipse Pillar SiN on SiO2 532 nm KAIST/GDS Library/elliptical_pillar_rx_0.05666666666666666_ry_0.03_theta_0.0.gds,0.8435765145481751,-0.4150814776593098,-0.0,0.0,-0.0,0.0,0.8435765145481751,-0.4150814776593098,-0.0,0.0,0.8839139689930835,0.8839139503503612,1.0152024896540595,0.8706774848942342,0.11607061917965064,-1.5430469988086948e-05,0.6356458880730724,0.5534425631108246,0.561856267950633,0.9401669899507659,333.8005264500627,2,2026-09-25T18:30:03-04:00
0.05666666666666666,0.05666666666666666,0.0,0.55,0.3,0.0,/home/eli/Grad/AI-for-photonics/Metasurface/Unit_cell_Libraries/Ellipse Pillar SiN on SiO2 532 nm KAIST/GDS Library/elliptical_pillar_rx_0.05666666666666666_ry_0.05666666666666666_theta_0.0.gds,0.9321880779106315,-0.19135025781526047,3.2696789070627935e-20,-8.333585805992541e-21,-7.914881484444634e-19,1.1311751742147562e-18,0.9321880779106315,-0.19135025781526047,3.2696789070627935e-20,-8.333585805992541e-21,0.9055895337646842,0.9055895116083482,1.040097541649828,0.8706774848942342,0.0944105829523929,9.456074101521494e-08,0.6356458880730724,0.5534425631108246,0.5756342493359484,0.9516246811451898,348.4000279525251,2,2026-09-25T18:39:53-04:00
0.08333333333333331,0.05666666666666666,90.0,0.55,0.3,0.0,/home/eli/Grad/AI-for-photonics/Metasurface/Unit_cell_Libraries/Ellipse Pillar SiN on SiO2 532 nm KAIST/GDS Library/elliptical_pillar_rx_0.08333333333333331_ry_0.05666666666666666_theta_90.0.gds,0.9630248989039868,0.047215084984442844,7.789977536806415e-07,-1.719701687770909e-06,2.6408977561157605e-14,3.896308910032052e-12,0.9630248989039868,0.047215084984442844,7.789977536806415e-07,-1.719701687770909e-06,0.9296462201626863,0.9296462034737182,1.0677437663071967,0.8706641357307191,0.07035393094145462,1.3441517277001935e-07,0.6356458880730671,0.5534340777699224,0.5909257866008069,0.9641816323489688,2.806844013126955,2,2026-09-25T18:59:01-04:00
0.10999999999999999,0.05666666666666666,90.0,0.55,0.3,0.0,/home/eli/Grad/AI-for-photonics/Metasurface/Unit_cell_Libraries/Ellipse Pillar SiN on SiO2 532 nm KAIST/GDS Library/elliptical_pillar_rx_0.10999999999999999_ry_0.05666666666666666_theta_90.0.gds,0.9357661353283049,0.26987892605750063,0.0002524315354665909,-0.00029101798766450354,-8.220690829368682e-13,1.2019578125448618e-12,0.9357661353283049,0.26987892605750063,0.0002524315354665909,-0.00029101798766450354,0.9484930431703706,0.9484930328193785,1.0893902641612085,0.8706641357307191,0.05150716040101697,1.932203954613243e-07,0.6356458880730671,0.5534340777699224,0.6029056961775906,0.9739059989327622,16.087785814627257,2,2026-09-25T19:05:54-04:00
0.08333333333333331,0.03,0.0,0.55,0.3,0.0,/home/eli/Grad/AI-for-photonics/Metasurface/Unit_cell_Libraries/Ellipse Pillar SiN on SiO2 532 nm KAIST/GDS Library/elliptical_pillar_rx_0.08333333333333331_ry_0.03_theta_0.0.gds,0.9397036007951579,-0.15596904658009209,-0.0,0.0,-0.0,0.0,0.9397036007951579,-0.15596904658009209,-0.0,0.0,0.9073692008384884,0.9073691807940297,1.0421415467108956,0.8706774848942342,0.09263091836722633,9.916125609521487e-08,0.6356458880730724,0.5534425631108246,0.5767654887359572,0.9525592899334342,350.5761372898469,2,2026-09-25T19:07:28-04:00
0.08333333333333331,0.05666666666666666,0.0,0.55,0.3,0.0,/home/eli/Grad/AI-for-photonics/Metasurface/Unit_cell_Libraries/Ellipse Pillar SiN on SiO2 532 nm KAIST/GDS Library/elliptical_pillar_rx_0.08333333333333331_ry_0.05666666666666666_theta_0.0.gds,0.8977736728784762,0.3908948672328722,-0.0,0.0,-0.0,0.0,0.8977736728784762,0.3908948672328722,-0.0,0.0,0.9587963649427139,0.95879636080382,1.1012072523275254,0.8706774848942342,0.041203852987033954,2.1379085390904606e-07,0.6356458880730724,0.5534425631108246,0.6094549642443742,0.9791814770218613,23.528534907334304,2,2026-09-25T19:09:05-04:00
0.08333333333333331,0.08333333333333331,0.0,0.55,0.3,0.0,/home/eli/Grad/AI-for-photonics/Metasurface/Unit_cell_Libraries/Ellipse Pillar SiN on SiO2 532 nm KAIST/GDS Library/elliptical_pillar_rx_0.08333333333333331_ry_0.08333333333333331_theta_0.0.gds,0.602125466364917,0.7725010026069699,-0.0,0.0,-0.0,0.0,0.602125466364917,0.7725010026069699,-0.0,0.0,0.9593128762739425,0.9593128995903998,1.101800513087728,0.8706774848942342,0.04068743200038225,3.3159078194344715e-07,0.6356458880730724,0.5534425631108246,0.6097833000000938,0.9794451879885584,52.065387220808645,2,2026-09-25T19:10:45-04:00
0.10999999999999999,0.08333333333333331,90.0,0.55,0.3,0.0,/home/eli/Grad/AI-for-photonics/Metasurface/Unit_cell_Libraries/Ellipse Pillar SiN on SiO2 532 nm KAIST/GDS Library/elliptical_pillar_rx_0.10999999999999999_ry_0.08333333333333331_theta_90.0.gds,0.20870279335017136,0.937369031751645,1.6305991090687642e-06,6.98613302484649e-07,-3.75112185348992e-12,-6.666000869382587e-12,0.20870279335017136,0.937369031751645,1.6305991090687642e-06,6.98613302484649e-07,0.9222175576423276,0.9222176064600235,1.059211662239926,0.8706641357307191,0.07778275640472637,3.628647498032933e-07,0.6356458880730671,0.5534340777699224,0.5862038294548999,0.9603215907388424,77.44797897690172,2,2026-09-25T19:18:11-04:00
0.10999999999999999,0.03,0.0,0.55,0.3,0.0,/home/eli/Grad/AI-for-photonics/Metasurface/Unit_cell_Libraries/Ellipse Pillar SiN on SiO2 532 nm KAIST/GDS Library/elliptical_pillar_rx_0.10999999999999999_ry_0.03_theta_0.0.gds,0.9425375163087328,0.2338252065459133,-0.0,0.0,-0.0,0.0,0.9425375163087328,0.2338252065459133,-0.0,0.0,0.943051196865674,0.943055776026073,1.0822744543473461,0.8713647192151204,0.05748680030164571,0.0005425763277187023,0.6382548309133179,0.5561527415264774,0.601909904869349,0.9711082312830398,13.932688545084131,2,2026-09-26T14:01:12-04:00
0.10999999999999999,0.05666666666666666,0.0,0.55,0.3,0.0,/home/eli/Grad/AI-for-photonics/Metasurface/Unit_cell_Libraries/Ellipse Pillar SiN on SiO2 532 nm KAIST/GDS Library/elliptical_pillar_rx_0.10999999999999999_ry_0.05666666666666666_theta_0.0.gds,0.3993047369096416,0.8892877562496914,-0.0,0.0,-0.0,0.0,0.3993047369096416,0.8892877562496914,-0.0,0.0,0.9502769863340885,0.9502770450367983,1.0905617637270855,0.8713647192151204,0.049723120266078266,1.6530287649807462e-07,0.6382548309133179,0.5561527415264774,0.6065189147007691,0.9748215151165307,65.81914041104895,2,2026-09-26T14:01:42-04:00
0.10999999999999999,0.08333333333333331,0.0,0.55,0.3,0.0,/home/eli/Grad/AI-for-photonics/Metasurface/Unit_cell_Libraries/Ellipse Pillar SiN on SiO2 532 nm KAIST/GDS Library/elliptical_pillar_rx_0.10999999999999999_ry_0.08333333333333331_theta_0.0.gds,-0.2797345654505845,0.8988020650225347,-0.0,0.0,-0.0,0.0,-0.2797345654505845,0.8988020650225347,-0.0,0.0,0.8860965791965999,0.8860966768180697,1.0169067639279898,0.8713647192151204,0.11390368803312408,3.6485119370155417e-07,0.6382548309133179,0.5561527415264774,0.56555548463537,0.9413270309497119,107.28773203424684,2,2026-09-26T14:02:16-04:00
0.10999999999999999,0.10999999999999999,0.0,0.55,0.3,0.0,/home/eli/Grad/AI-for-photonics/Metasurface/Unit_cell_Libraries/Ellipse Pillar SiN on SiO2 532 nm KAIST/GDS Library/elliptical_pillar_rx_0.10999999999999999_ry_0.10999999999999999_theta_0.0.gds,-0.699337143111411,0.6322870173434662,1.2534175746384933e-20,5.479196941892038e-21,-2.1265237072886345e-19,-1.1093073436439952e-18,-0.699337143111411,0.6322870173434662,1.2534175746384933e-20,5.479196941892038e-21,0.8888593120363268,0.8888594245404405,1.0200773624861452,0.8713647192151204,0.11114090541791287,3.299583533067363e-07,0.6382548309133179,0.5561527415264774,0.567318821715768,0.942793355956822,137.8825306764684,2,2026-09-26T14:02:50-04:00
0.03,0.03,0.0,0.55,0.35,0.0,/home/eli/Grad/AI-for-photonics/Metasurface/Unit_cell_Libraries/Ellipse Pillar SiN on SiO2 532 nm KAIST/GDS Library/elliptical_pillar_rx_0.03_ry_0.03_theta_0.0.gds,0.7043553981439195,-0.614018864264278,-0.0,0.0,1.753109487349402e-26,-1.3585504586901594e-26,0.7043553981439195,-0.614018864264278,-0.0,0.0,0.8731356925668732,0.8731356842724594,1.00203264834312,0.8713645066517602,0.12686459384195617,2.781144154972992e-07,0.868735742076458,0.7569854913052037,0.7585241766098709,0.9344173010849453,318.91984618757635,2,2026-09-26T14:04:22-04:00
0.065,0.03,90.0,0.55,0.35,0.0,/home/eli/Grad/AI-for-photonics/Metasurface/Unit_cell_Libraries/Ellipse Pillar SiN on SiO2 532 nm KAIST/GDS Library/elliptical_pillar_rx_0.065_ry_0.03_theta_90.0.gds,0.7628954476987976,-0.5428736230164316,2.722782097710255e-19,-3.951844290529593e-19,-7.319065469170204e-19,3.945143677646693e-19,0.7628954476987976,-0.5428736230164316,2.722782097710255e-19,-3.951844290529593e-19,0.8767212346865355,0.8767212226830354,1.0061475031291474,0.8713645066517658,0.1232790335296182,2.5621265353770184e-07,0.8687357420764488,0.7569854913052004,0.7616390619817183,0.9363339333200178,324.5644837535271,2,2026-09-26T14:10:29-04:00
0.09999999999999999,0.03,90.0,0.55,0.35,0.0,/home/eli/Grad/AI-for-photonics/Metasurface/Unit_cell_Libraries/Ellipse Pillar SiN on SiO2 532 nm KAIST/GDS Library/elliptical_pillar_rx_0.09999999999999999_ry_0.03_theta_90.0.gds,0.8077333357047038,-0.478131956573149,-0.0003612969397582109,-0.0009283901610174148,6.48584740765127e-19,-6.513640815402878e-19,0.8077333357047038,-0.478131956573149,-0.0003612969397582109,-0.0009283901610174148,0.8810443019488852,0.8810442873071356,1.0111087616967147,0.8713645066517658,0.11895594892531573,2.3623245137827098e-07,0.8687357420764488,0.7569854913052004,0.7653946627359803,0.9386390730760762,329.37689288117235,2,2026-09-26T14:12:37-04:00
0.13499999999999998,0.03,90.0,0.55,0.35,0.0,/home/eli/Grad/AI-for-photonics/Metasurface/Unit_cell_Libraries/Ellipse Pillar SiN on SiO2 532 nm KAIST/GDS Library/elliptical_pillar_rx_0.13499999999999998_ry_0.03_theta_90.0.gds,0.8487158640579759,-0.407738972886667,-1.099744493628994e-18,1.9015345066991647e-18,6.293634133219883e-11,6.300637131316618e-11,0.8487158640579759,-0.407738972886667,-1.099744493628994e-18,1.9015345066991647e-18,0.8865696879143509,0.8865696692276365,1.0174498300766195,0.8713645066517658,0.11343056823673853,2.374643750524541e-07,0.8687357420764488,0.7569854913052004,0.7701947594989424,0.941578296220952,334.3394998011045,2,2026-09-26T14:14:47-04:00
0.065,0.03,0.0,0.55,0.35,0.0,/home/eli/Grad/AI-for-photonics/Metasurface/Unit_cell_Libraries/Ellipse Pillar SiN on SiO2 532 nm KAIST/GDS Library/elliptical_pillar_rx_0.065_ry_0.03_theta_0.0.gds,0.8382849057327336,-0.4260930326468511,-0.0,0.0,-0.0,0.0,0.8382849057327336,-0.4260930326468511,-0.0,0.0,0.8842768556495285,0.8842768306566583,1.0148185104010192,0.8713645066517602,0.11572338522260647,2.1587926468669139e-07,0.868735742076458,0.7569854913052037,0.7682028886815304,0.9403599606797008,333.0561595312785,2,2026-09-26T14:15:17-04:00
0.065,0.065,0.0,0.55,0.35,0.0,/home/eli/Grad/AI-for-photonics/Metasurface/Unit_cell_Libraries/Ellipse Pillar SiN on SiO2 532 nm KAIST/GDS Library/elliptical_pillar_rx_0.065_ry_0.065_theta_0.0.gds,0.9510703531675514,-0.108964739221518,1.7620011682395467e-21,-9.37418474236594e-21,3.465234448260659e-19,-9.133975114906638e-19,0.9510703531675514,-0.108964739221518,1.7620011682395467e-21,-9.37418474236594e-21,0.9164081310678645,0.9164080907023897,1.0516931590703764,0.8713645066517602,0.08359203813133693,1.2883372657590542e-07,0.868735742076458,0.7569854913052037,0.7961164627212105,0.9572920824220079,353.4640841914189,2,2026-09-26T14:15:52-04:00
0.09999999999999999,0.065,90.0,0.55,0.35,0.0,/home/eli/Grad/AI-for-photonics/Metasurface/Unit_cell_Libraries/Ellipse Pillar SiN on SiO2 532 nm KAIST/GDS Library/elliptical_pillar_rx_0.09999999999999999_ry_0.065_theta_90.0.gds,0.9497834773504147,0.21351671355742063,-2.821747066662321e-18,2.264265758886116e-18,4.3225631712000814e-19,-1.1391456847587183e-18,0.9497834773504147,0.21351671355742063,-2.821747066662321e-18,2.264265758886116e-18,0.9476780408162072,0.947677997834671,1.087579297297914,0.8713645066517658,0.0523220717486385,6.95833095587517e-08,0.8687357420764488,0.7569854913052004,0.8232817486984261,0.9734875658251662,12.669785422432144,2,2026-09-26T14:18:11-04:00
0.13499999999999998,0.065,90.0,0.55,0.35,0.0,/home/eli/Grad/AI-for-photonics/Metasurface/Unit_cell_Libraries/Ellipse Pillar SiN on SiO2 532 nm KAIST/GDS Library/elliptical_pillar_rx_0.13499999999999998_ry_0.065_theta_90.0.gds,0.8491033060510937,0.49130629326471315,2.3219879979186923e-18,-9.850115107640081e-19,-1.5767924118645427e-13,1.565175825210407e-11,0.8491033060510937,0.49130629326471315,2.3219879979186923e-18,-9.850115107640081e-19,0.9623582981484096,0.9623582684729756,1.104426748079119,0.8713645066517658,0.03764177762245386,4.609542947342504e-08,0.8687357420764488,0.7569854913052004,0.8360350245052768,0.9809986229085185,30.05443854993114,2,2026-09-26T14:20:29-04:00
0.09999999999999999,0.03,0.0,0.55,0.35,0.0,/home/eli/Grad/AI-for-photonics/Metasurface/Unit_cell_Libraries/Ellipse Pillar SiN on SiO2 532 nm KAIST/GDS Library/elliptical_pillar_rx_0.09999999999999999_ry_0.03_theta_0.0.gds,0.9479363765667465,-0.11731845333981653,-0.0002633021699822661,-0.00014906026594549386,-0.0010850033444233674,0.0019165708803800113,0.9479363765667465,-0.11731845333981653,-0.0002633021699822661,-0.00014906026594549386,0.9123470850595349,0.9123539726196822,1.047040550372454,0.8713645066517616,0.08769853545753566,5.250807721779438e-05,0.8687357420764581,0.7569854913052049,0.7925945054401642,0.9551685681137855,352.9448380575807,2,2026-09-26T15:00:52-04:00
0.09999999999999999,0.065,0.0,0.55,0.35,0.0,/home/eli/Grad/AI-for-photonics/Metasurface/Unit_cell_Libraries/Ellipse Pillar SiN on SiO2 532 nm KAIST/GDS Library/elliptical_pillar_rx_0.09999999999999999_ry_0.065_theta_0.0.gds,0.6961246927970435,0.6970619266911458,3.879665574231555e-20,-2.225918223474885e-20,-1.957861110096817e-18,-5.755628804879646e-19,0.6961246927970435,0.6970619266911458,3.879665574231555e-20,-2.225918223474885e-20,0.9704849175641505,0.9704848995746606,1.1137530759702061,0.8713645066517616,0.029515158986246605,5.856090723455054e-08,0.8687357420764581,0.7569854913052049,0.8430949194059897,0.9851319290146627,45.03854439720906,2,2026-09-26T15:06:20-04:00
0.09999999999999999,0.09999999999999999,0.0,0.55,0.35,0.0,/home/eli/Grad/AI-for-photonics/Metasurface/Unit_cell_Libraries/Ellipse Pillar SiN on SiO2 532 nm KAIST/GDS Library/elliptical_pillar_rx_0.09999999999999999_ry_0.09999999999999999_theta_0.0.gds,0.009791861531850188,0.9546098111621237,-1.5298367798319889e-19,8.619203846061235e-20,-1.1261253548824105e-18,-4.595391961677005e-19,0.009791861531850188,0.9546098111621237,-1.5298367798319889e-19,8.619203846061235e-20,0.9113757721192445,0.9113758115727513,1.0459179879551603,0.8713645066517616,0.08862450282744007,3.144001914368033e-07,0.8687357420764581,0.7569854913052049,0.7917447419771884,0.9546600296017659,89.41231206965861,2,2026-09-26T15:07:27-04:00
0.13499999999999998,0.09999999999999999,90.0,0.55,0.35,0.0,/home/eli/Grad/AI-for-photonics/Metasurface/Unit_cell_Libraries/Ellipse Pillar SiN on SiO2 532 nm KAIST/GDS Library/elliptical_pillar_rx_0.13499999999999998_ry_0.09999999999999999_theta_90.0.gds,-0.47111642367884987,0.8105419020146687,1.7736339454776385e-18,-4.127939861480932e-19,-7.450593105530721e-19,-1.135231527000959e-18,-0.47111642367884987,0.8105419020146687,1.7736339454776385e-18,-4.127939861480932e-19,0.8789288595815062,0.8789252897378871,1.0086769463621759,0.8713645066517658,0.12079099445675229,-0.0002837158053605737,0.8687357420764488,0.7569854913052004,0.763553813810201,0.9375120583659211,120.16671139377824,2,2026-09-26T15:13:16-04:00
0.13499999999999998,0.03,0.0,0.55,0.35,0.0,/home/eli/Grad/AI-for-photonics/Metasurface/Unit_cell_Libraries/Ellipse Pillar SiN on SiO2 532 nm KAIST/GDS Library/elliptical_pillar_rx_0.13499999999999998_ry_0.03_theta_0.0.gds,0.9320484531898404,0.28848053279845703,0.00035427807405010125,0.0006222488405427405,0.00452925507345078,-0.0025788133885836922,0.9320484531898404,0.28848053279845703,0.00035427807405010125,0.0006222488405427405,0.951935849603829,0.9519748070763603,1.0925104245229653,0.8713645066517616,0.04802554813296656,3.552093268410772e-07,0.8687357420764581,0.7569854913052049,0.8270145404635749,0.9756717362398358,17.197943483888135,2,2026-09-26T15:14:20-04:00
0.13499999999999998,0.065,0.0,0.55,0.35,0.0,/home/eli/Grad/AI-for-photonics/Metasurface/Unit_cell_Libraries/Ellipse Pillar SiN on SiO2 532 nm KAIST/GDS Library/elliptical_pillar_rx_0.13499999999999998_ry_0.065_theta_0.0.gds,-0.17181899555678373,0.9310238341666566,-0.00033089090771174987,0.0006712445300515023,0.004879952473975978,0.002415390865954968,-0.17181899555678373,0.9310238341666566,-0.00033089090771174987,0.0006712445300515023,0.8963277070785362,0.8963703186243639,1.0286973038053704,0.8713645066517616,0.1036720684593264,4.2387083690309524e-05,0.8687357420764581,0.7569854913052049,0.7787089339254479,0.946745555585303,100.45619978735937,2,2026-09-26T15:15:28-04:00
0.13499999999999998,0.09999999999999999,0.0,0.55,0.35,0.0,/home/eli/Grad/AI-for-photonics/Metasurface/Unit_cell_Libraries/Ellipse Pillar SiN on SiO2 532 nm KAIST/GDS Library/elliptical_pillar_rx_0.13499999999999998_ry_0.09999999999999999_theta_0.0.gds,-0.8637753883999857,0.41642113197916225,-4.3763383209784636e-21,4.1131079442628613e-19,2.7993576529091065e-18,-1.2397041105577358e-18,-0.8637753883999857,0.41642113197916225,-4.3763383209784636e-21,4.1131079442628613e-19,0.919514480764353,0.9195146966714743,1.055258378843925,0.8713645066517616,0.08048550827409137,2.049455656294441e-07,0.8687357420764581,0.7569854913052049,0.7988152823631025,0.9589131768644923,154.26155224330282,2,2026-09-26T15:16:36-04:00
0.13499999999999998,0.13499999999999998,0.0,0.55,0.35,0.0,/home/eli/Grad/AI-for-photonics/Metasurface/Unit_cell_Libraries/Ellipse Pillar SiN on SiO2 532 nm KAIST/GDS Library/elliptical_pillar_rx_0.13499999999999998_ry_0.13499999999999998_theta_0.0.gds,-0.9757807089428207,-0.18209049581728218,5.250472165318461e-20,-2.303851953747399e-19,2.9060609920839656e-11,1.3586292804208835e-12,-0.9757807089428207,-0.18209049581728218,5.250472165318461e-20,-2.303851953747399e-19,0.9853049406119373,0.985305304893724,1.130761348863959,0.8713645066517616,0.01470094889304255,6.253786766663438e-06,0.8687357420764581,0.7569854913052049,0.8559699352187201,0.992625277036575,190.57038922318569,2,2026-09-26T15:17:50-04:00
0.03,0.03,0.0,0.55,0.4,0.0,/home/eli/Grad/AI-for-photonics/Metasurface/Unit_cell_Libraries/Ellipse Pillar SiN on SiO2 532 nm KAIST/GDS Library/elliptical_pillar_rx_0.03_ry_0.03_theta_0.0.gds,0.6879267431974485,-0.6319927622241774,-1.5468931341771007e-19,1.508871650302855e-19,4.4915388102133454e-12,-6.162882798000734e-12,0.6879267431974485,-0.6319927622241774,-1.5468931341771007e-19,1.508871650302855e-19,0.872658055509994,0.87265791848626,1.0014784135456924,0.8713696737572716,0.12734554660368838,3.4650899483068542e-06,1.1346752549570125,0.9887216067323409,0.9901833461486528,0.9341616859569836,317.42656064751543,2,2026-09-26T15:21:27-04:00
0.07333333333333333,0.03,90.0,0.55,0.4,0.0,/home/eli/Grad/AI-for-photonics/Metasurface/Unit_cell_Libraries/Ellipse Pillar SiN on SiO2 532 nm KAIST/GDS Library/elliptical_pillar_rx_0.07333333333333333_ry_0.03_theta_90.0.gds,0.7435803647892788,-0.5682428201552188,-7.108539447967883e-07,-1.7317990236636554e-06,4.325732474359845e-11,-2.1903515748760158e-11,0.7435803647892788,-0.5682428201552188,-7.108539447967883e-07,-1.7317990236636554e-06,0.8758116615616176,0.875811175448247,1.0050971496552252,0.8713696738157833,0.12420715563440121,1.8331082648259667e-05,1.1346752549570005,0.9887216067987223,0.9937612687959301,0.9358480974806291,322.61300042391554,2,2026-09-26T15:28:58-04:00
0.11666666666666667,0.03,90.0,0.55,0.4,0.0,/home/eli/Grad/AI-for-photonics/Metasurface/Unit_cell_Libraries/Ellipse Pillar SiN on SiO2 532 nm KAIST/GDS Library/elliptical_pillar_rx_0.11666666666666667_ry_0.03_theta_90.0.gds,0.7920779574322858,-0.5025875816839321,3.3385246111829627e-07,-1.706871592824571e-06,6.039621856840914e-10,-7.627208706180618e-11,0.7920779574322858,-0.5025875816839321,3.3385246111829627e-07,-1.706871592824571e-06,0.87998176791603,0.8799812379034605,1.0098827906759327,0.8713696738157833,0.12004573688047426,2.697478393476338e-05,1.1346752549570005,0.9887216067987223,0.998492935475486,0.9380734341793318,327.6041449505192,2,2026-09-26T15:31:42-04:00
0.16,0.03,90.0,0.55,0.4,0.0,/home/eli/Grad/AI-for-photonics/Metasurface/Unit_cell_Libraries/Ellipse Pillar SiN on SiO2 532 nm KAIST/GDS Library/elliptical_pillar_rx_0.16_ry_0.03_theta_90.0.gds,0.8328281658509415,-0.43720835003477065,1.389982851319174e-06,-9.632943554274032e-07,5.387210001863833e-10,1.2846467526376774e-10,0.8328281658509415,-0.43720835003477065,1.389982851319174e-06,-9.632943554274032e-07,0.8847538951776298,0.8847536732539865,1.015359726004227,0.8713696738157833,0.11526868125386018,2.2354507846600313e-05,1.1346752549570005,0.9887216067987223,1.0039080997736098,0.9406135737776539,332.3019530052341,2,2026-09-26T15:34:35-04:00
0.07333333333333333,0.03,0.0,0.55,0.4,0.0,/home/eli/Grad/AI-for-photonics/Metasurface/Unit_cell_Libraries/Ellipse Pillar SiN on SiO2 532 nm KAIST/GDS Library/elliptical_pillar_rx_0.07333333333333333_ry_0.03_theta_0.0.gds,0.8327378998789732,-0.4371528054842202,4.459630813588272e-20,2.847456265657744e-20,4.122801405661086e-11,-1.91244241276441e-11,0.8327378998789732,-0.4371528054842202,4.459630813588272e-20,2.847456265657744e-20,0.8845549852375671,0.884557391549591,1.0151344695477582,0.8713696737572716,0.11557199537984561,0.00012938692943653685,1.1346752549570125,0.9887216067323409,1.003685383780642,0.9405078336928232,332.30239302927106,2,2026-09-26T15:36:31-04:00
0.07333333333333333,0.07333333333333333,0.0,0.55,0.4,0.0,/home/eli/Grad/AI-for-photonics/Metasurface/Unit_cell_Libraries/Ellipse Pillar SiN on SiO2 532 nm KAIST/GDS Library/elliptical_pillar_rx_0.07333333333333333_ry_0.07333333333333333_theta_0.0.gds,0.9653385087048537,0.01030790231898305,-1.3054631792458952e-19,-1.0767894574244727e-19,-2.032788816068305e-09,-6.534913367749477e-10,0.9653385087048537,0.01030790231898305,-1.3054631792458952e-19,-1.0767894574244727e-19,0.9319846892387286,0.9319747608199644,1.0695515220323988,0.8713696737572716,0.06751204670198613,-0.0005131924780494845,1.1346752549570125,0.9887216067323409,1.057488699346894,0.9653935411213028,0.6117821344484031,2,2026-09-26T15:38:03-04:00
0.11666666666666667,0.07333333333333333,90.0,0.55,0.4,0.0,/home/eli/Grad/AI-for-photonics/Metasurface/Unit_cell_Libraries/Ellipse Pillar SiN on SiO2 532 nm KAIST/GDS Library/elliptical_pillar_rx_0.11666666666666667_ry_0.07333333333333333_theta_90.0.gds,0.8697156240073425,0.45517494939467995,1.0916667498969842e-06,1.5431253657222937e-06,-4.972205405424172e-10,1.2125577437138515e-10,0.8697156240073425,0.45517494939467995,1.0916667498969842e-06,1.5431253657222937e-06,0.9635895012025035,0.9635693886812079,1.1058101029172567,0.8713696738157833,0.03415394466351864,-0.002276666655273485,1.1346752549570005,0.9887216067987223,1.0933383417706106,0.9816259477005131,27.625791119643917,2,2026-09-26T15:41:05-04:00
0.16,0.07333333333333333,90.0,0.55,0.4,0.0,/home/eli/Grad/AI-for-photonics/Metasurface/Unit_cell_Libraries/Ellipse Pillar SiN on SiO2 532 nm KAIST/GDS Library/elliptical_pillar_rx_0.16_ry_0.07333333333333333_theta_90.0.gds,0.6269075537296649,0.7550412780938098,0.00017805999183568137,-8.081406865725189e-06,-7.574025318595358e-10,2.1103454961731768e-10,0.6269075537296649,0.7550412780938098,0.00017805999183568137,-8.081406865725189e-06,0.9631004443195165,0.9631334667567765,1.1053098308312173,0.8713696738157833,0.03946288397804848,0.0025963507348250037,1.1346752549570005,0.9887216067987223,1.092843711949865,0.9813767943806531,50.29729548926214,2,2026-09-26T15:44:05-04:00
0.11666666666666667,0.03,0.0,0.55,0.4,0.0,/home/eli/Grad/AI-for-photonics/Metasurface/Unit_cell_Libraries/Ellipse Pillar SiN on SiO2 532 nm KAIST/GDS Library/elliptical_pillar_rx_0.11666666666666667_ry_0.03_theta_0.0.gds,0.955556767344039,-0.06938286580402227,0.0002844804377978674,0.0005952654982234759,0.004299776171447362,-0.0020572723021535354,0.955556767344039,-0.06938286580402227,0.0002844804377978674,0.0005952654982234759,0.9179031529543017,0.9179287280938909,1.0534320343464108,0.8713696737572716,0.08136238848006037,-0.0007088834260486898,1.1346752549570125,0.9887216067323409,1.0415510135823018,0.958072396890845,355.84704826760446,2,2026-09-26T15:45:34-04:00
0.11666666666666667,0.07333333333333333,0.0,0.55,0.4,0.0,/home/eli/Grad/AI-for-photonics/Metasurface/Unit_cell_Libraries/Ellipse Pillar SiN on SiO2 532 nm KAIST/GDS Library/elliptical_pillar_rx_0.11666666666666667_ry_0.07333333333333333_theta_0.0.gds,-0.009020243718895073,0.9331620889661671,0.00031963488801816086,-0.00022196131071789137,-4.808856816883717e-10,8.008819920734952e-10,-0.009020243718895073,0.9331620889661671,0.00031963488801816086,-0.00022196131071789137,0.8708730005137342,0.8709409016609092,0.9995079331221197,0.8713696738157833,0.09304140968856515,-0.03601768865052568,1.1346752549570005,0.9887216067987223,0.9882350896445721,0.9332056842306786,90.55382211235711,2,2026-09-26T16:09:29-04:00
